{"cameraMode":{"drawMode":0,"name":"Shaded","section":"Shading Mode"},"sceneLighting":true,"audioPlay":false,"sceneViewState":{"showFog":true,"showMaterialUpdate":false,"showSkybox":true,"showFlares":true,"showImageEffects":true,"showParticleSystems":true},"in2DMode":false,"pivot":{"x":0.7699999809265137,"y":-1.2800021171569825,"z":6.209329128265381},"rotation":{"x":0.195050448179245,"y":0.5551722645759583,"z":-0.13586008548736573,"w":0.7970462441444397},"size":11.818798065185547,"orthographic":true}